시간(초),피부온도(C),히터온도(C),목표온도(C),PWM(%),심박수(BPM),안전상태,세션상태,연속수면(분),수면판정
2,27.3,24.0,0.0,0,0,NORMAL,IDLE,0,깨어있음
3,27.3,24.0,0.0,0,0,NORMAL,IDLE,0,깨어있음
4,27.2,24.0,37.5,42,15,NORMAL,RUNNING,0,깨어있음
5,27.3,24.0,37.5,44,15,NORMAL,RUNNING,0,깨어있음
6,27.2,24.0,37.5,46,70,NORMAL,RUNNING,0,깨어있음
7,27.3,24.0,37.5,48,58,NORMAL,RUNNING,0,깨어있음
8,27.2,24.0,37.5,50,116,NORMAL,RUNNING,0,깨어있음
9,27.2,24.0,37.5,50,46,NORMAL,RUNNING,0,깨어있음
10,27.2,24.0,37.5,50,70,NORMAL,RUNNING,0,깨어있음
11,27.3,24.0,37.5,50,70,NORMAL,RUNNING,0,깨어있음
12,27.3,24.0,37.5,50,36,NORMAL,RUNNING,0,깨어있음
13,27.3,24.0,37.5,50,36,NORMAL,RUNNING,0,깨어있음
14,27.2,24.0,37.5,50,115,NORMAL,RUNNING,0,깨어있음
15,27.2,24.0,37.5,50,51,NORMAL,RUNNING,0,깨어있음
16,27.2,24.0,37.5,50,77,NORMAL,RUNNING,0,깨어있음
17,27.3,24.0,37.5,50,68,NORMAL,RUNNING,0,깨어있음
18,27.2,24.0,37.5,50,45,NORMAL,RUNNING,0,깨어있음
19,27.2,24.0,37.5,50,45,NORMAL,RUNNING,0,깨어있음
20,27.2,24.0,37.5,50,81,NORMAL,RUNNING,0,깨어있음
21,27.2,24.0,37.5,50,81,NORMAL,RUNNING,0,깨어있음
22,27.2,24.0,37.5,50,115,NORMAL,RUNNING,0,깨어있음
23,27.2,24.0,37.5,50,59,NORMAL,RUNNING,0,깨어있음
24,27.3,24.0,37.5,50,59,NORMAL,RUNNING,0,깨어있음
25,27.3,24.0,37.5,50,38,NORMAL,RUNNING,0,깨어있음
26,27.2,24.0,37.5,50,59,NORMAL,RUNNING,0,깨어있음
27,27.2,24.0,37.5,50,45,NORMAL,RUNNING,0,깨어있음
28,27.2,24.0,37.5,50,45,NORMAL,RUNNING,0,깨어있음
29,27.3,24.0,37.5,50,45,NORMAL,RUNNING,0,깨어있음
30,27.2,24.0,37.5,50,22,NORMAL,RUNNING,0,깨어있음
31,27.3,24.0,37.5,50,65,NORMAL,RUNNING,0,깨어있음
32,27.3,24.0,37.5,50,107,NORMAL,RUNNING,0,깨어있음
33,27.2,24.0,37.5,50,71,NORMAL,RUNNING,0,깨어있음
34,27.3,24.0,37.5,50,71,NORMAL,RUNNING,0,깨어있음
35,27.3,24.0,37.5,50,47,NORMAL,RUNNING,0,깨어있음
36,27.2,24.0,37.5,50,41,NORMAL,RUNNING,0,깨어있음
37,27.3,24.0,37.5,50,54,NORMAL,RUNNING,0,깨어있음
38,27.3,24.0,37.5,50,54,NORMAL,RUNNING,0,깨어있음
39,27.2,24.0,37.5,51,54,NORMAL,RUNNING,0,깨어있음
40,27.1,24.0,37.5,51,54,NORMAL,RUNNING,0,깨어있음
41,27.1,24.0,37.5,51,17,NORMAL,RUNNING,0,깨어있음
42,27.2,24.0,37.5,50,43,NORMAL,RUNNING,0,깨어있음
43,27.2,24.0,37.5,50,43,NORMAL,RUNNING,0,깨어있음
44,27.2,24.0,37.5,50,38,NORMAL,RUNNING,0,깨어있음
45,27.2,24.0,37.5,50,54,NORMAL,RUNNING,0,깨어있음
46,27.2,24.0,37.5,50,41,NORMAL,RUNNING,0,깨어있음
47,27.1,24.0,37.5,51,41,NORMAL,RUNNING,0,깨어있음
48,27.2,24.0,37.5,50,91,NORMAL,RUNNING,0,깨어있음
49,27.2,24.0,37.5,50,73,NORMAL,RUNNING,0,깨어있음
50,27.4,24.0,37.5,49,48,NORMAL,RUNNING,0,깨어있음
51,27.8,24.0,37.5,47,48,NORMAL,RUNNING,0,깨어있음
52,27.5,24.0,37.5,49,37,NORMAL,RUNNING,0,깨어있음
53,27.5,24.0,37.5,49,45,NORMAL,RUNNING,0,깨어있음
54,27.5,24.0,37.5,49,45,NORMAL,RUNNING,0,깨어있음
55,27.5,24.0,37.5,49,26,NORMAL,RUNNING,0,깨어있음
56,27.5,24.0,37.5,49,81,NORMAL,RUNNING,0,깨어있음
57,27.6,24.0,37.5,49,48,NORMAL,RUNNING,0,깨어있음
58,27.6,24.0,37.5,49,100,NORMAL,RUNNING,0,깨어있음
59,27.4,24.0,37.5,49,300,NORMAL,RUNNING,0,깨어있음
60,27.4,24.0,37.5,49,70,NORMAL,RUNNING,0,깨어있음
61,27.4,24.0,37.5,49,70,NORMAL,RUNNING,0,깨어있음
62,27.4,23.9,37.5,49,32,NORMAL,RUNNING,0,깨어있음
63,27.4,24.0,37.5,49,32,NORMAL,RUNNING,0,깨어있음
64,27.5,23.9,37.5,49,33,NORMAL,RUNNING,1,깨어있음
65,27.4,23.9,37.5,49,33,NORMAL,RUNNING,1,깨어있음
66,27.5,23.9,37.5,49,73,NORMAL,RUNNING,1,깨어있음
67,27.5,23.9,37.5,49,73,NORMAL,RUNNING,1,깨어있음
68,27.2,24.0,37.5,51,39,NORMAL,RUNNING,1,깨어있음
69,27.0,23.9,37.5,51,58,NORMAL,RUNNING,1,깨어있음
70,26.6,24.0,37.5,53,58,NORMAL,RUNNING,1,깨어있음
71,26.5,24.0,37.5,53,35,NORMAL,RUNNING,1,깨어있음
72,26.6,24.0,37.5,53,35,NORMAL,RUNNING,1,깨어있음
73,26.6,24.0,37.5,53,27,NORMAL,RUNNING,1,깨어있음
74,26.6,24.0,37.5,53,130,NORMAL,RUNNING,1,깨어있음
75,26.6,24.0,37.5,52,107,NORMAL,RUNNING,1,깨어있음
76,26.6,24.0,37.5,53,37,NORMAL,RUNNING,1,깨어있음
77,26.6,24.0,37.5,52,37,NORMAL,RUNNING,1,깨어있음
78,26.5,24.0,37.5,53,42,NORMAL,RUNNING,1,깨어있음
79,26.6,24.0,37.5,53,41,NORMAL,RUNNING,1,깨어있음
80,26.6,24.0,37.5,53,50,NORMAL,RUNNING,1,깨어있음
81,26.5,24.0,37.5,53,50,NORMAL,RUNNING,1,깨어있음
82,26.6,24.0,37.5,53,50,NORMAL,RUNNING,1,깨어있음
83,26.7,24.0,37.5,52,50,NORMAL,RUNNING,1,깨어있음
84,26.6,24.1,37.5,53,50,NORMAL,RUNNING,1,깨어있음
85,26.6,24.0,37.5,52,14,NORMAL,RUNNING,1,깨어있음
86,26.7,24.1,37.5,52,40,NORMAL,RUNNING,1,깨어있음
87,26.6,24.1,37.5,53,40,NORMAL,RUNNING,1,깨어있음
88,26.6,24.1,37.5,52,40,NORMAL,RUNNING,1,깨어있음
89,26.6,24.1,37.5,53,18,NORMAL,RUNNING,1,깨어있음
90,26.6,24.1,37.5,52,18,NORMAL,RUNNING,1,깨어있음
91,26.6,24.1,37.5,53,48,NORMAL,RUNNING,1,깨어있음
92,26.6,24.1,37.5,52,53,NORMAL,RUNNING,1,깨어있음
93,26.5,24.1,37.5,53,65,NORMAL,RUNNING,1,깨어있음
94,26.5,24.2,37.5,53,34,NORMAL,RUNNING,1,깨어있음
95,26.6,24.2,37.5,53,71,NORMAL,RUNNING,1,깨어있음
96,26.6,24.2,37.5,53,71,NORMAL,RUNNING,1,깨어있음
97,26.6,24.2,37.5,53,125,NORMAL,RUNNING,1,깨어있음
98,26.6,24.2,37.5,52,65,NORMAL,RUNNING,1,깨어있음
99,26.5,24.2,37.5,53,42,NORMAL,RUNNING,1,깨어있음
101,26.6,24.2,37.5,53,42,NORMAL,RUNNING,1,깨어있음
102,26.5,24.2,37.5,53,42,NORMAL,RUNNING,1,깨어있음
103,26.6,24.2,37.5,53,47,NORMAL,RUNNING,1,깨어있음
104,26.6,24.2,37.5,53,47,NORMAL,RUNNING,1,깨어있음
105,26.6,24.2,37.5,53,47,NORMAL,RUNNING,1,깨어있음
106,26.5,24.3,37.5,53,23,NORMAL,RUNNING,1,깨어있음
107,26.6,24.2,37.5,53,48,NORMAL,RUNNING,1,깨어있음
108,26.5,24.3,37.5,53,63,NORMAL,RUNNING,1,깨어있음
109,26.5,24.3,37.5,53,63,NORMAL,RUNNING,1,깨어있음
110,26.5,24.2,37.5,53,35,NORMAL,RUNNING,1,깨어있음
111,26.5,24.3,37.5,53,48,NORMAL,RUNNING,1,깨어있음
112,26.6,24.3,37.5,53,48,NORMAL,RUNNING,1,깨어있음
113,26.5,24.3,37.5,53,45,NORMAL,RUNNING,1,깨어있음
114,26.6,24.3,37.5,53,45,NORMAL,RUNNING,1,깨어있음
115,26.5,24.3,37.5,53,39,NORMAL,RUNNING,1,깨어있음
116,26.5,24.2,37.5,53,64,NORMAL,RUNNING,1,깨어있음
117,26.5,24.3,37.5,53,64,NORMAL,RUNNING,1,깨어있음
118,26.6,24.3,37.5,53,64,NORMAL,RUNNING,1,깨어있음
119,26.6,24.3,37.5,53,21,NORMAL,RUNNING,1,깨어있음
120,26.5,24.3,37.5,53,77,NORMAL,RUNNING,1,깨어있음
121,26.5,24.3,37.5,53,53,NORMAL,RUNNING,1,깨어있음
122,26.6,24.3,37.5,53,42,NORMAL,RUNNING,1,깨어있음
123,26.6,24.3,37.5,53,42,NORMAL,RUNNING,1,깨어있음
124,26.5,24.3,37.5,53,91,NORMAL,RUNNING,1,깨어있음
125,26.5,24.3,37.5,53,64,NORMAL,RUNNING,2,깨어있음
126,26.7,24.3,37.5,52,64,NORMAL,RUNNING,2,깨어있음
127,26.6,24.3,37.5,53,33,NORMAL,RUNNING,2,깨어있음
128,26.5,24.3,37.5,53,45,NORMAL,RUNNING,2,깨어있음
129,26.5,24.3,37.5,53,64,NORMAL,RUNNING,2,깨어있음
130,26.5,24.3,37.5,53,64,NORMAL,RUNNING,2,깨어있음
131,26.5,24.3,37.5,53,32,NORMAL,RUNNING,2,깨어있음
132,26.5,24.3,37.5,53,50,NORMAL,RUNNING,2,깨어있음
133,26.5,24.3,37.5,53,107,NORMAL,RUNNING,2,깨어있음
134,26.5,24.3,37.5,53,107,NORMAL,RUNNING,2,깨어있음
135,26.6,24.3,37.5,53,107,NORMAL,RUNNING,2,깨어있음
136,26.5,24.4,37.5,53,65,NORMAL,RUNNING,2,깨어있음
137,26.5,24.3,37.5,53,65,NORMAL,RUNNING,2,깨어있음
138,26.6,24.4,37.5,53,43,NORMAL,RUNNING,2,깨어있음
139,26.5,24.4,37.5,53,43,NORMAL,RUNNING,2,깨어있음
140,26.6,24.3,37.5,53,34,NORMAL,RUNNING,2,깨어있음
141,26.6,24.3,37.5,53,34,NORMAL,RUNNING,2,깨어있음
142,26.5,24.4,37.5,53,28,NORMAL,RUNNING,2,깨어있음
143,26.5,24.3,37.5,53,28,NORMAL,RUNNING,2,깨어있음
144,26.6,24.3,37.5,53,68,NORMAL,RUNNING,2,깨어있음
145,26.5,24.3,37.5,53,68,NORMAL,RUNNING,2,깨어있음
146,26.5,24.4,37.5,53,68,NORMAL,RUNNING,2,깨어있음
147,26.6,24.4,37.5,53,23,NORMAL,RUNNING,2,깨어있음
148,26.5,24.4,37.5,53,23,NORMAL,RUNNING,2,깨어있음
149,26.6,24.4,37.5,53,38,NORMAL,RUNNING,2,깨어있음
150,26.5,24.4,37.5,53,38,NORMAL,RUNNING,2,깨어있음
151,26.6,24.4,37.5,53,27,NORMAL,RUNNING,2,깨어있음
152,26.6,24.4,37.5,53,37,NORMAL,RUNNING,2,깨어있음
153,26.6,24.4,37.5,53,37,NORMAL,RUNNING,2,깨어있음
154,26.6,24.4,37.5,53,43,NORMAL,RUNNING,2,깨어있음
155,26.6,24.4,37.5,53,81,NORMAL,RUNNING,2,깨어있음
156,26.6,24.4,37.5,53,47,NORMAL,RUNNING,2,깨어있음
157,26.6,24.4,37.5,53,46,NORMAL,RUNNING,2,깨어있음
158,26.6,24.4,37.5,53,57,NORMAL,RUNNING,2,깨어있음
159,26.6,24.4,37.5,53,57,NORMAL,RUNNING,2,깨어있음
160,26.6,24.4,37.5,53,57,NORMAL,RUNNING,2,깨어있음
161,26.5,24.4,37.5,53,20,NORMAL,RUNNING,2,깨어있음
162,26.5,24.4,37.5,53,20,NORMAL,RUNNING,2,깨어있음
163,26.6,24.4,37.5,53,39,NORMAL,RUNNING,2,깨어있음
164,26.5,24.4,37.5,53,39,NORMAL,RUNNING,2,깨어있음
165,26.5,24.4,37.5,53,100,NORMAL,RUNNING,2,깨어있음
166,26.6,24.4,37.5,53,100,NORMAL,RUNNING,2,깨어있음
